{
  "statistics": {
    "burst_damage": {
      "count": 171,
      "min": 0.0,
      "max": 2119.0,
      "mean": 559.0825730994152,
      "median": 475.0,
      "std": 439.0268685850309,
      "p25": 229.0,
      "p50": 475.0,
      "p75": 823.0,
      "p90": 1170.0,
      "p95": 1306.0
    },
    "burst_dps": {
      "count": 171,
      "min": 0.0,
      "max": 706.33,
      "mean": 186.36058479532167,
      "median": 158.33,
      "std": 146.34181230163918,
      "p25": 76.33500000000001,
      "p50": 158.33,
      "p75": 274.33500000000004,
      "p90": 390.0,
      "p95": 435.33500000000004
    },
    "sustained_damage": {
      "count": 171,
      "min": 0.0,
      "max": 5416.0,
      "mean": 831.7039766081872,
      "median": 676.0,
      "std": 713.3691244009051,
      "p25": 359.0,
      "p50": 676.0,
      "p75": 1192.0,
      "p90": 1646.2,
      "p95": 2000.0
    },
    "sustained_dps": {
      "count": 171,
      "min": 0.0,
      "max": 541.6,
      "mean": 83.17040935672516,
      "median": 67.6,
      "std": 71.33692290818175,
      "p25": 35.9,
      "p50": 67.6,
      "p75": 119.19999999999999,
      "p90": 164.62,
      "p95": 200.0
    },
    "burst_ratio": {
      "count": 171,
      "min": 0.0,
      "max": 1.0,
      "mean": 0.6437368421052632,
      "median": 0.675,
      "std": 0.3122037792112235,
      "p25": 0.5,
      "p50": 0.675,
      "p75": 1.0,
      "p90": 1.0,
      "p95": 1.0
    },
    "burst_index": {
      "count": 171,
      "min": 0.0,
      "max": 1.0,
      "mean": 0.38347953216374264,
      "median": 0.313,
      "std": 0.30494193367656247,
      "p25": 0.1305,
      "p50": 0.313,
      "p75": 0.6585000000000001,
      "p90": 0.81,
      "p95": 0.9265000000000001
    },
    "cc_score": {
      "count": 171,
      "min": 0.0,
      "max": 1.291,
      "mean": 0.2207134502923977,
      "median": 0.15,
      "std": 0.22270698971828887,
      "p25": 0.0695,
      "p50": 0.15,
      "p75": 0.2925,
      "p90": 0.495,
      "p95": 0.707
    },
    "mobility_score": {
      "count": 171,
      "min": 0.0,
      "max": 4.4,
      "mean": 0.7690058479532164,
      "median": 0.3,
      "std": 0.9224482140305441,
      "p25": 0.0,
      "p50": 0.3,
      "p75": 1.2,
      "p90": 2.4,
      "p95": 2.6500000000000004
    },
    "max_range": {
      "count": 171,
      "min": 275.0,
      "max": 4294967295.0,
      "mean": 25122703.093567252,
      "median": 1200.0,
      "std": 327482131.12074465,
      "p25": 900.0,
      "p50": 1200.0,
      "p75": 4750.0,
      "p90": 25000.0,
      "p95": 25000.0
    }
  },
  "thresholds": {
    "burst_index": {
      "very_low": 0.0,
      "low": 0.1305,
      "medium": 0.313,
      "high": 0.6585000000000001,
      "very_high": 0.81
    },
    "burst_damage": {
      "very_low": 0.0,
      "low": 229.0,
      "medium": 475.0,
      "high": 823.0,
      "very_high": 1170.0
    },
    "sustained_dps": {
      "very_low": 0.0,
      "low": 35.9,
      "medium": 67.6,
      "high": 119.19999999999999,
      "very_high": 164.62
    },
    "cc_score": {
      "very_low": 0.0,
      "low": 0.0695,
      "medium": 0.15,
      "high": 0.2925,
      "very_high": 0.495
    },
    "mobility_score": {
      "very_low": 0.0,
      "low": 0.0,
      "medium": 0.3,
      "high": 1.2,
      "very_high": 2.4
    },
    "max_range": {
      "very_low": 700.0,
      "low": 900.0,
      "medium": 1200.0,
      "high": 4750.0,
      "very_high": 25000.0
    }
  },
  "histograms": {
    "burst_index": {
      "bins": 20,
      "counts": [
        26,
        7,
        22,
        13,
        9,
        7,
        8,
        9,
        4,
        4,
        3,
        7,
        6,
        13,
        5,
        9,
        6,
        2,
        3,
        8
      ],
      "edges": [
        0.0,
        0.05,
        0.1,
        0.15000000000000002,
        0.2,
        0.25,
        0.30000000000000004,
        0.35000000000000003,
        0.4,
        0.45,
        0.5,
        0.55,
        0.6000000000000001,
        0.65,
        0.7000000000000001,
        0.75,
        0.8,
        0.8500000000000001,
        0.9,
        0.9500000000000001,
        1.0
      ],
      "total": 171
    },
    "burst_damage": {
      "bins": 20,
      "counts": [
        26,
        15,
        18,
        15,
        19,
        14,
        14,
        9,
        10,
        6,
        6,
        9,
        3,
        2,
        0,
        2,
        1,
        0,
        0,
        2
      ],
      "edges": [
        0.0,
        105.95,
        211.9,
        317.85,
        423.8,
        529.75,
        635.7,
        741.65,
        847.6,
        953.5500000000001,
        1059.5,
        1165.45,
        1271.4,
        1377.3500000000001,
        1483.3,
        1589.25,
        1695.2,
        1801.15,
        1907.1000000000001,
        2013.05,
        2119.0
      ],
      "total": 171
    },
    "sustained_dps": {
      "bins": 20,
      "counts": [
        38,
        23,
        38,
        22,
        20,
        12,
        8,
        3,
        3,
        1,
        0,
        2,
        0,
        0,
        0,
        0,
        0,
        0,
        0,
        1
      ],
      "edges": [
        0.0,
        27.080000000000002,
        54.160000000000004,
        81.24000000000001,
        108.32000000000001,
        135.4,
        162.48000000000002,
        189.56,
        216.64000000000001,
        243.72000000000003,
        270.8,
        297.88,
        324.96000000000004,
        352.04,
        379.12,
        406.20000000000005,
        433.28000000000003,
        460.36,
        487.44000000000005,
        514.52,
        541.6
      ],
      "total": 171
    },
    "cc_score": {
      "bins": 20,
      "counts": [
        40,
        34,
        22,
        21,
        15,
        6,
        9,
        9,
        2,
        3,
        1,
        7,
        0,
        0,
        0,
        0,
        0,
        0,
        0,
        2
      ],
      "edges": [
        0.0,
        0.06455,
        0.1291,
        0.19365,
        0.2582,
        0.32275,
        0.3873,
        0.45185,
        0.5164,
        0.58095,
        0.6455,
        0.71005,
        0.7746,
        0.83915,
        0.9037,
        0.9682499999999999,
        1.0328,
        1.09735,
        1.1619,
        1.2264499999999998,
        1.291
      ],
      "total": 171
    },
    "mobility_score": {
      "bins": 20,
      "counts": [
        82,
        9,
        0,
        4,
        0,
        44,
        10,
        1,
        0,
        1,
        10,
        1,
        5,
        0,
        2,
        0,
        1,
        0,
        0,
        1
      ],
      "edges": [
        0.0,
        0.22000000000000003,
        0.44000000000000006,
        0.6600000000000001,
        0.8800000000000001,
        1.1,
        1.3200000000000003,
        1.5400000000000003,
        1.7600000000000002,
        1.9800000000000002,
        2.2,
        2.4200000000000004,
        2.6400000000000006,
        2.8600000000000003,
        3.0800000000000005,
        3.3000000000000003,
        3.5200000000000005,
        3.7400000000000007,
        3.9600000000000004,
        4.180000000000001,
        4.4
      ],
      "total": 171
    },
    "max_range": {
      "bins": 20,
      "counts": [
        170,
        0,
        0,
        0,
        0,
        0,
        0,
        0,
        0,
        0,
        0,
        0,
        0,
        0,
        0,
        0,
        0,
        0,
        0,
        1
      ],